"mode","variant","run_id","wall_ms","wallet_cpu_ms","current_height","total_height","node_height","tip_hash","actual_balance","pending_balance","transaction_count","transfer_count","state_hash","pq_outputs","v2_attempts","legacy_t0_attempts","legacy_window_trials","recognized_outputs","phase","pair","sequence","daemon_cpu_ms","combined_cpu_ms"
"rpc","baseline64","warmup-01-001","3018.372","2187.5","14804","14804","14803","4c39637697abc341c718b9adcfc623c7ad7ed8a74aaf32dfa09d814daa458fb3","0","0","0","0","30ca0e01a876e39d11accc97ec8e33278774d6ec608064c0a3ff8ec33f2c900b","2832","2832","2832","178416","0","warmup","1","1","1156.25","3343.75"
"rpc","candidate1","warmup-01-002","2104.127","1171.875","14804","14804","14803","4c39637697abc341c718b9adcfc623c7ad7ed8a74aaf32dfa09d814daa458fb3","0","0","0","0","30ca0e01a876e39d11accc97ec8e33278774d6ec608064c0a3ff8ec33f2c900b","2832","2832","2832","0","0","warmup","1","2","1296.875","2468.75"
"rpc","candidate1","warmup-02-003","2019.028","1000","14804","14804","14803","4c39637697abc341c718b9adcfc623c7ad7ed8a74aaf32dfa09d814daa458fb3","0","0","0","0","30ca0e01a876e39d11accc97ec8e33278774d6ec608064c0a3ff8ec33f2c900b","2832","2832","2832","0","0","warmup","2","3","1328.125","2328.125"
"rpc","baseline64","warmup-02-004","3095.193","2140.625","14804","14804","14803","4c39637697abc341c718b9adcfc623c7ad7ed8a74aaf32dfa09d814daa458fb3","0","0","0","0","30ca0e01a876e39d11accc97ec8e33278774d6ec608064c0a3ff8ec33f2c900b","2832","2832","2832","178416","0","warmup","2","4","1343.75","3484.375"
"rpc","baseline64","recorded-01-005","3459.741","2343.75","14804","14804","14803","4c39637697abc341c718b9adcfc623c7ad7ed8a74aaf32dfa09d814daa458fb3","0","0","0","0","30ca0e01a876e39d11accc97ec8e33278774d6ec608064c0a3ff8ec33f2c900b","2832","2832","2832","178416","0","recorded","1","5","1250","3593.75"
"rpc","candidate1","recorded-01-006","2032.023","984.375","14804","14804","14803","4c39637697abc341c718b9adcfc623c7ad7ed8a74aaf32dfa09d814daa458fb3","0","0","0","0","30ca0e01a876e39d11accc97ec8e33278774d6ec608064c0a3ff8ec33f2c900b","2832","2832","2832","0","0","recorded","1","6","1375","2359.375"
"rpc","candidate1","recorded-02-007","1980.628","906.25","14804","14804","14803","4c39637697abc341c718b9adcfc623c7ad7ed8a74aaf32dfa09d814daa458fb3","0","0","0","0","30ca0e01a876e39d11accc97ec8e33278774d6ec608064c0a3ff8ec33f2c900b","2832","2832","2832","0","0","recorded","2","7","1375","2281.25"
"rpc","baseline64","recorded-02-008","3123.882","2156.25","14804","14804","14803","4c39637697abc341c718b9adcfc623c7ad7ed8a74aaf32dfa09d814daa458fb3","0","0","0","0","30ca0e01a876e39d11accc97ec8e33278774d6ec608064c0a3ff8ec33f2c900b","2832","2832","2832","178416","0","recorded","2","8","1312.5","3468.75"
"rpc","baseline64","recorded-03-009","3067.927","2203.125","14804","14804","14803","4c39637697abc341c718b9adcfc623c7ad7ed8a74aaf32dfa09d814daa458fb3","0","0","0","0","30ca0e01a876e39d11accc97ec8e33278774d6ec608064c0a3ff8ec33f2c900b","2832","2832","2832","178416","0","recorded","3","9","1250","3453.125"
"rpc","candidate1","recorded-03-010","2049.106","1000","14804","14804","14803","4c39637697abc341c718b9adcfc623c7ad7ed8a74aaf32dfa09d814daa458fb3","0","0","0","0","30ca0e01a876e39d11accc97ec8e33278774d6ec608064c0a3ff8ec33f2c900b","2832","2832","2832","0","0","recorded","3","10","1453.125","2453.125"
"rpc","candidate1","recorded-04-011","2246.379","1218.75","14804","14804","14803","4c39637697abc341c718b9adcfc623c7ad7ed8a74aaf32dfa09d814daa458fb3","0","0","0","0","30ca0e01a876e39d11accc97ec8e33278774d6ec608064c0a3ff8ec33f2c900b","2832","2832","2832","0","0","recorded","4","11","1187.5","2406.25"
"rpc","baseline64","recorded-04-012","3411.029","2250","14804","14804","14803","4c39637697abc341c718b9adcfc623c7ad7ed8a74aaf32dfa09d814daa458fb3","0","0","0","0","30ca0e01a876e39d11accc97ec8e33278774d6ec608064c0a3ff8ec33f2c900b","2832","2832","2832","178416","0","recorded","4","12","1281.25","3531.25"
"rpc","baseline64","recorded-05-013","3039.674","2296.875","14804","14804","14803","4c39637697abc341c718b9adcfc623c7ad7ed8a74aaf32dfa09d814daa458fb3","0","0","0","0","30ca0e01a876e39d11accc97ec8e33278774d6ec608064c0a3ff8ec33f2c900b","2832","2832","2832","178416","0","recorded","5","13","1187.5","3484.375"
"rpc","candidate1","recorded-05-014","1986.547","1125","14804","14804","14803","4c39637697abc341c718b9adcfc623c7ad7ed8a74aaf32dfa09d814daa458fb3","0","0","0","0","30ca0e01a876e39d11accc97ec8e33278774d6ec608064c0a3ff8ec33f2c900b","2832","2832","2832","0","0","recorded","5","14","1234.375","2359.375"
"rpc","candidate1","recorded-06-015","2195.502","1250","14804","14804","14803","4c39637697abc341c718b9adcfc623c7ad7ed8a74aaf32dfa09d814daa458fb3","0","0","0","0","30ca0e01a876e39d11accc97ec8e33278774d6ec608064c0a3ff8ec33f2c900b","2832","2832","2832","0","0","recorded","6","15","1468.75","2718.75"
"rpc","baseline64","recorded-06-016","3067.182","2234.375","14804","14804","14803","4c39637697abc341c718b9adcfc623c7ad7ed8a74aaf32dfa09d814daa458fb3","0","0","0","0","30ca0e01a876e39d11accc97ec8e33278774d6ec608064c0a3ff8ec33f2c900b","2832","2832","2832","178416","0","recorded","6","16","1203.125","3437.5"
"rpc","baseline64","recorded-07-017","3744.714","2218.75","14804","14804","14803","4c39637697abc341c718b9adcfc623c7ad7ed8a74aaf32dfa09d814daa458fb3","0","0","0","0","30ca0e01a876e39d11accc97ec8e33278774d6ec608064c0a3ff8ec33f2c900b","2832","2832","2832","178416","0","recorded","7","17","1421.875","3640.625"
"rpc","candidate1","recorded-07-018","1924.765","1281.25","14804","14804","14803","4c39637697abc341c718b9adcfc623c7ad7ed8a74aaf32dfa09d814daa458fb3","0","0","0","0","30ca0e01a876e39d11accc97ec8e33278774d6ec608064c0a3ff8ec33f2c900b","2832","2832","2832","0","0","recorded","7","18","1109.375","2390.625"
"rpc","candidate1","recorded-08-019","1922.333","1312.5","14804","14804","14803","4c39637697abc341c718b9adcfc623c7ad7ed8a74aaf32dfa09d814daa458fb3","0","0","0","0","30ca0e01a876e39d11accc97ec8e33278774d6ec608064c0a3ff8ec33f2c900b","2832","2832","2832","0","0","recorded","8","19","1046.875","2359.375"
"rpc","baseline64","recorded-08-020","3045.427","2312.5","14804","14804","14803","4c39637697abc341c718b9adcfc623c7ad7ed8a74aaf32dfa09d814daa458fb3","0","0","0","0","30ca0e01a876e39d11accc97ec8e33278774d6ec608064c0a3ff8ec33f2c900b","2832","2832","2832","178416","0","recorded","8","20","1078.125","3390.625"
"rpc","baseline64","recorded-09-021","3034.46","2296.875","14804","14804","14803","4c39637697abc341c718b9adcfc623c7ad7ed8a74aaf32dfa09d814daa458fb3","0","0","0","0","30ca0e01a876e39d11accc97ec8e33278774d6ec608064c0a3ff8ec33f2c900b","2832","2832","2832","178416","0","recorded","9","21","1078.125","3375"
"rpc","candidate1","recorded-09-022","1947.091","1046.875","14804","14804","14803","4c39637697abc341c718b9adcfc623c7ad7ed8a74aaf32dfa09d814daa458fb3","0","0","0","0","30ca0e01a876e39d11accc97ec8e33278774d6ec608064c0a3ff8ec33f2c900b","2832","2832","2832","0","0","recorded","9","22","1234.375","2281.25"
"rpc","candidate1","recorded-10-023","2234.055","1218.75","14804","14804","14803","4c39637697abc341c718b9adcfc623c7ad7ed8a74aaf32dfa09d814daa458fb3","0","0","0","0","30ca0e01a876e39d11accc97ec8e33278774d6ec608064c0a3ff8ec33f2c900b","2832","2832","2832","0","0","recorded","10","23","1093.75","2312.5"
"rpc","baseline64","recorded-10-024","3026.627","2187.5","14804","14804","14803","4c39637697abc341c718b9adcfc623c7ad7ed8a74aaf32dfa09d814daa458fb3","0","0","0","0","30ca0e01a876e39d11accc97ec8e33278774d6ec608064c0a3ff8ec33f2c900b","2832","2832","2832","178416","0","recorded","10","24","1234.375","3421.875"
"rpc","baseline64","recorded-11-025","3089.749","2171.875","14804","14804","14803","4c39637697abc341c718b9adcfc623c7ad7ed8a74aaf32dfa09d814daa458fb3","0","0","0","0","30ca0e01a876e39d11accc97ec8e33278774d6ec608064c0a3ff8ec33f2c900b","2832","2832","2832","178416","0","recorded","11","25","1281.25","3453.125"
"rpc","candidate1","recorded-11-026","1909.071","1156.25","14804","14804","14803","4c39637697abc341c718b9adcfc623c7ad7ed8a74aaf32dfa09d814daa458fb3","0","0","0","0","30ca0e01a876e39d11accc97ec8e33278774d6ec608064c0a3ff8ec33f2c900b","2832","2832","2832","0","0","recorded","11","26","1046.875","2203.125"
"rpc","candidate1","recorded-12-027","1926.155","1140.625","14804","14804","14803","4c39637697abc341c718b9adcfc623c7ad7ed8a74aaf32dfa09d814daa458fb3","0","0","0","0","30ca0e01a876e39d11accc97ec8e33278774d6ec608064c0a3ff8ec33f2c900b","2832","2832","2832","0","0","recorded","12","27","1234.375","2375"
"rpc","baseline64","recorded-12-028","3041.528","2109.375","14804","14804","14803","4c39637697abc341c718b9adcfc623c7ad7ed8a74aaf32dfa09d814daa458fb3","0","0","0","0","30ca0e01a876e39d11accc97ec8e33278774d6ec608064c0a3ff8ec33f2c900b","2832","2832","2832","178416","0","recorded","12","28","1312.5","3421.875"
"rpc","baseline64","recorded-13-029","3018.387","2078.125","14804","14804","14803","4c39637697abc341c718b9adcfc623c7ad7ed8a74aaf32dfa09d814daa458fb3","0","0","0","0","30ca0e01a876e39d11accc97ec8e33278774d6ec608064c0a3ff8ec33f2c900b","2832","2832","2832","178416","0","recorded","13","29","1343.75","3421.875"
"rpc","candidate1","recorded-13-030","1900.93","1062.5","14804","14804","14803","4c39637697abc341c718b9adcfc623c7ad7ed8a74aaf32dfa09d814daa458fb3","0","0","0","0","30ca0e01a876e39d11accc97ec8e33278774d6ec608064c0a3ff8ec33f2c900b","2832","2832","2832","0","0","recorded","13","30","1156.25","2218.75"
"rpc","candidate1","recorded-14-031","1919.592","1281.25","14804","14804","14803","4c39637697abc341c718b9adcfc623c7ad7ed8a74aaf32dfa09d814daa458fb3","0","0","0","0","30ca0e01a876e39d11accc97ec8e33278774d6ec608064c0a3ff8ec33f2c900b","2832","2832","2832","0","0","recorded","14","31","906.25","2187.5"
"rpc","baseline64","recorded-14-032","3040.629","2328.125","14804","14804","14803","4c39637697abc341c718b9adcfc623c7ad7ed8a74aaf32dfa09d814daa458fb3","0","0","0","0","30ca0e01a876e39d11accc97ec8e33278774d6ec608064c0a3ff8ec33f2c900b","2832","2832","2832","178416","0","recorded","14","32","1140.625","3468.75"
"rpc","baseline64","recorded-15-033","3061.269","2156.25","14804","14804","14803","4c39637697abc341c718b9adcfc623c7ad7ed8a74aaf32dfa09d814daa458fb3","0","0","0","0","30ca0e01a876e39d11accc97ec8e33278774d6ec608064c0a3ff8ec33f2c900b","2832","2832","2832","178416","0","recorded","15","33","1281.25","3437.5"
"rpc","candidate1","recorded-15-034","1890.282","1031.25","14804","14804","14803","4c39637697abc341c718b9adcfc623c7ad7ed8a74aaf32dfa09d814daa458fb3","0","0","0","0","30ca0e01a876e39d11accc97ec8e33278774d6ec608064c0a3ff8ec33f2c900b","2832","2832","2832","0","0","recorded","15","34","1125","2156.25"
"rpc","candidate1","recorded-16-035","1963.308","1218.75","14804","14804","14803","4c39637697abc341c718b9adcfc623c7ad7ed8a74aaf32dfa09d814daa458fb3","0","0","0","0","30ca0e01a876e39d11accc97ec8e33278774d6ec608064c0a3ff8ec33f2c900b","2832","2832","2832","0","0","recorded","16","35","1078.125","2296.875"
"rpc","baseline64","recorded-16-036","3059.517","2281.25","14804","14804","14803","4c39637697abc341c718b9adcfc623c7ad7ed8a74aaf32dfa09d814daa458fb3","0","0","0","0","30ca0e01a876e39d11accc97ec8e33278774d6ec608064c0a3ff8ec33f2c900b","2832","2832","2832","178416","0","recorded","16","36","1093.75","3375"
"rpc","baseline64","recorded-17-037","3049.366","2171.875","14804","14804","14803","4c39637697abc341c718b9adcfc623c7ad7ed8a74aaf32dfa09d814daa458fb3","0","0","0","0","30ca0e01a876e39d11accc97ec8e33278774d6ec608064c0a3ff8ec33f2c900b","2832","2832","2832","178416","0","recorded","17","37","1218.75","3390.625"
"rpc","candidate1","recorded-17-038","1916.075","1078.125","14804","14804","14803","4c39637697abc341c718b9adcfc623c7ad7ed8a74aaf32dfa09d814daa458fb3","0","0","0","0","30ca0e01a876e39d11accc97ec8e33278774d6ec608064c0a3ff8ec33f2c900b","2832","2832","2832","0","0","recorded","17","38","1203.125","2281.25"
"rpc","candidate1","recorded-18-039","1911.964","1109.375","14804","14804","14803","4c39637697abc341c718b9adcfc623c7ad7ed8a74aaf32dfa09d814daa458fb3","0","0","0","0","30ca0e01a876e39d11accc97ec8e33278774d6ec608064c0a3ff8ec33f2c900b","2832","2832","2832","0","0","recorded","18","39","1234.375","2343.75"
"rpc","baseline64","recorded-18-040","3040.945","2218.75","14804","14804","14803","4c39637697abc341c718b9adcfc623c7ad7ed8a74aaf32dfa09d814daa458fb3","0","0","0","0","30ca0e01a876e39d11accc97ec8e33278774d6ec608064c0a3ff8ec33f2c900b","2832","2832","2832","178416","0","recorded","18","40","1296.875","3515.625"
"rpc","baseline64","recorded-19-041","3060.983","2218.75","14804","14804","14803","4c39637697abc341c718b9adcfc623c7ad7ed8a74aaf32dfa09d814daa458fb3","0","0","0","0","30ca0e01a876e39d11accc97ec8e33278774d6ec608064c0a3ff8ec33f2c900b","2832","2832","2832","178416","0","recorded","19","41","1156.25","3375"
"rpc","candidate1","recorded-19-042","1913.197","1171.875","14804","14804","14803","4c39637697abc341c718b9adcfc623c7ad7ed8a74aaf32dfa09d814daa458fb3","0","0","0","0","30ca0e01a876e39d11accc97ec8e33278774d6ec608064c0a3ff8ec33f2c900b","2832","2832","2832","0","0","recorded","19","42","1093.75","2265.625"
"rpc","candidate1","recorded-20-043","1926.654","1125","14804","14804","14803","4c39637697abc341c718b9adcfc623c7ad7ed8a74aaf32dfa09d814daa458fb3","0","0","0","0","30ca0e01a876e39d11accc97ec8e33278774d6ec608064c0a3ff8ec33f2c900b","2832","2832","2832","0","0","recorded","20","43","1218.75","2343.75"
"rpc","baseline64","recorded-20-044","3101.893","2343.75","14804","14804","14803","4c39637697abc341c718b9adcfc623c7ad7ed8a74aaf32dfa09d814daa458fb3","0","0","0","0","30ca0e01a876e39d11accc97ec8e33278774d6ec608064c0a3ff8ec33f2c900b","2832","2832","2832","178416","0","recorded","20","44","1093.75","3437.5"
"rpc","baseline64","recorded-21-045","3049.167","2281.25","14804","14804","14803","4c39637697abc341c718b9adcfc623c7ad7ed8a74aaf32dfa09d814daa458fb3","0","0","0","0","30ca0e01a876e39d11accc97ec8e33278774d6ec608064c0a3ff8ec33f2c900b","2832","2832","2832","178416","0","recorded","21","45","1140.625","3421.875"
"rpc","candidate1","recorded-21-046","1908.394","1109.375","14804","14804","14803","4c39637697abc341c718b9adcfc623c7ad7ed8a74aaf32dfa09d814daa458fb3","0","0","0","0","30ca0e01a876e39d11accc97ec8e33278774d6ec608064c0a3ff8ec33f2c900b","2832","2832","2832","0","0","recorded","21","46","1218.75","2328.125"
